[{"model": "foodcartapp.restaurant", "pk": 1, "fields": {"name": "Don Julio", "address": "asdfasdfadf", "contact_phone": "011 4832-6058"}}, {"model": "foodcartapp.restaurant", "pk": 2, "fields": {"name": "Fog├│n Asado", "address": "Uriarte 1423, C1414 CABA", "contact_phone": "011 2142-2936"}}, {"model": "foodcartapp.restaurant", "pk": 3, "fields": {"name": "Star Burger ╨Р╤А╨▒╨░╤В", "address": "╨Ь╨╛╤Б╨║╨▓╨░, ╤Г╨╗. ╨Э╨╛╨▓╤Л╨╣ ╨Р╤А╨▒╨░╤В, 15", "contact_phone": "+7 (967) 157-44-13"}}, {"model": "foodcartapp.restaurant", "pk": 4, "fields": {"name": "Star Burger ╨ж╨▓╨╡╤В╨╜╨╛╨╣", "address": "╨Ь╨╛╤Б╨║╨▓╨░, ╨ж╨▓╨╡╤В╨╜╨╛╨╣ ╨▒╤Г╨╗╤М╨▓╨░╤А, 11╤Б2", "contact_phone": "+7 (929) 949-55-36"}}, {"model": "foodcartapp.product", "pk": 1, "fields": {"name": "Mexican", "category": null, "price": "13.00", "image": "Mexican.png", "special_status": false, "description": ""}}, {"model": "foodcartapp.product", "pk": 2, "fields": {"name": "tripple whopper", "category": null, "price": "20.00", "image": "triple_vopper.jpg", "special_status": false, "description": ""}}, {"model": "foodcartapp.product", "pk": 3, "fields": {"name": "american", "category": null, "price": "21.00", "image": "american.jpg", "special_status": false, "description": ""}}, {"model": "foodcartapp.product", "pk": 4, "fields": {"name": "beconizer", "category": null, "price": "11.00", "image": "beconizer.jpg", "special_status": false, "description": ""}}, {"model": "foodcartapp.restaurantmenuitem", "pk": 1, "fields": {"restaurant": 4, "product": 1, "availability": true}}, {"model": "foodcartapp.restaurantmenuitem", "pk": 2, "fields": {"restaurant": 4, "product": 2, "availability": true}}, {"model": "foodcartapp.restaurantmenuitem", "pk": 3, "fields": {"restaurant": 4, "product": 3, "availability": true}}, {"model": "foodcartapp.restaurantmenuitem", "pk": 4, "fields": {"restaurant": 3, "product": 2, "availability": true}}, {"model": "foodcartapp.restaurantmenuitem", "pk": 5, "fields": {"restaurant": 3, "product": 3, "availability": true}}, {"model": "foodcartapp.restaurantmenuitem", "pk": 6, "fields": {"restaurant": 3, "product": 4, "availability": true}}, {"model": "foodcartapp.restaurantmenuitem", "pk": 7, "fields": {"restaurant": 2, "product": 1, "availability": true}}, {"model": "foodcartapp.restaurantmenuitem", "pk": 8, "fields": {"restaurant": 2, "product": 3, "availability": true}}, {"model": "foodcartapp.restaurantmenuitem", "pk": 9, "fields": {"restaurant": 1, "product": 1, "availability": true}}, {"model": "foodcartapp.restaurantmenuitem", "pk": 10, "fields": {"restaurant": 1, "product": 3, "availability": true}}, {"model": "foodcartapp.restaurantmenuitem", "pk": 11, "fields": {"restaurant": 1, "product": 4, "availability": true}}, {"model": "foodcartapp.order", "pk": 1, "fields": {"firstname": "ivan", "lastname": "ivanov", "phonenumber": "+79099556555", "address": "╨╜╨░ ╨┤╨╡╤А╨╡╨▓╨╜╤О", "status": "CL", "comment": "", "registered_at": "2023-05-17T13:18:47.838Z", "called_at": null, "delivered_at": null, "payment_method": "CA", "restaurant": null}}, {"model": "foodcartapp.order", "pk": 43, "fields": {"firstname": "leo", "lastname": "di caprio", "phonenumber": "+79099556555", "address": "paris", "status": "RE", "comment": "", "registered_at": "2023-05-17T13:18:47Z", "called_at": null, "delivered_at": null, "payment_method": "CA", "restaurant": 1}}, {"model": "foodcartapp.order", "pk": 44, "fields": {"firstname": "Ben!", "lastname": "Elf", "phonenumber": "+79099556455", "address": "montevideo", "status": "NE", "comment": "", "registered_at": "2023-05-17T13:18:47Z", "called_at": null, "delivered_at": null, "payment_method": "CA", "restaurant": null}}, {"model": "foodcartapp.order", "pk": 45, "fields": {"firstname": "holly", "lastname": "fairy", "phonenumber": "+79099556566", "address": "new-york", "status": "RE", "comment": "", "registered_at": "2023-05-17T13:18:47Z", "called_at": null, "delivered_at": null, "payment_method": "CA", "restaurant": 2}}, {"model": "foodcartapp.order", "pk": 46, "fields": {"firstname": "brad", "lastname": "pitt", "phonenumber": "+79099556655", "address": "hollywood", "status": "NE", "comment": "╤Б╨┤╨╡╨╗╨░╨╣╤В╨╡ ╤Е╨╛╤А╨╛╤И╨╛", "registered_at": "2023-05-17T13:18:47Z", "called_at": null, "delivered_at": null, "payment_method": "ON", "restaurant": null}}, {"model": "foodcartapp.order", "pk": 47, "fields": {"firstname": "New", "lastname": "Customer", "phonenumber": "+79099556655", "address": "Los-Angeles", "status": "NE", "comment": "", "registered_at": "2023-05-23T13:09:07.475Z", "called_at": null, "delivered_at": null, "payment_method": "", "restaurant": null}}, {"model": "foodcartapp.order", "pk": 59, "fields": {"firstname": "ww", "lastname": "eee", "phonenumber": "+79099556655", "address": "boston", "status": "NE", "comment": "", "registered_at": "2023-05-25T12:42:20.712Z", "called_at": null, "delivered_at": null, "payment_method": "", "restaurant": null}}, {"model": "foodcartapp.orderitem", "pk": 1, "fields": {"order": 1, "product": 1, "quantity": 2, "price": "13.00"}}, {"model": "foodcartapp.orderitem", "pk": 2, "fields": {"order": 1, "product": 3, "quantity": 3, "price": "21.00"}}, {"model": "foodcartapp.orderitem", "pk": 58, "fields": {"order": 43, "product": 1, "quantity": 1, "price": "13.00"}}, {"model": "foodcartapp.orderitem", "pk": 59, "fields": {"order": 43, "product": 2, "quantity": 2, "price": "20.00"}}, {"model": "foodcartapp.orderitem", "pk": 60, "fields": {"order": 44, "product": 4, "quantity": 2, "price": "110.00"}}, {"model": "foodcartapp.orderitem", "pk": 61, "fields": {"order": 45, "product": 2, "quantity": 1, "price": "20.00"}}, {"model": "foodcartapp.orderitem", "pk": 62, "fields": {"order": 45, "product": 1, "quantity": 2, "price": "13.00"}}, {"model": "foodcartapp.orderitem", "pk": 63, "fields": {"order": 46, "product": 1, "quantity": 1, "price": "13.00"}}, {"model": "foodcartapp.orderitem", "pk": 64, "fields": {"order": 46, "product": 2, "quantity": 1, "price": "20.00"}}, {"model": "foodcartapp.orderitem", "pk": 65, "fields": {"order": 47, "product": 1, "quantity": 1, "price": "13.00"}}, {"model": "foodcartapp.orderitem", "pk": 66, "fields": {"order": 47, "product": 2, "quantity": 1, "price": "20.00"}}, {"model": "foodcartapp.orderitem", "pk": 87, "fields": {"order": 59, "product": 1, "quantity": 1, "price": "13.00"}}, {"model": "foodcartapp.orderitem", "pk": 88, "fields": {"order": 59, "product": 2, "quantity": 1, "price": "20.00"}}, {"model": "foodcartapp.orderitem", "pk": 89, "fields": {"order": 59, "product": 3, "quantity": 1, "price": "21.00"}}, {"model": "placesapp.place", "pk": 3, "fields": {"address": "montevideo", "lon": "-56.19784", "lat": "-34.85937", "registrated_at": "2023-05-18T13:24:32.869Z"}}, {"model": "placesapp.place", "pk": 4, "fields": {"address": "╨Ь╨╛╤Б╨║╨▓╨░, ╤Г╨╗. ╨Э╨╛╨▓╤Л╨╣ ╨Р╤А╨▒╨░╤В, 15", "lon": "37.59242", "lat": "55.75214", "registrated_at": "2023-05-18T13:24:33.838Z"}}, {"model": "placesapp.place", "pk": 5, "fields": {"address": "╨Ь╨╛╤Б╨║╨▓╨░, ╨ж╨▓╨╡╤В╨╜╨╛╨╣ ╨▒╤Г╨╗╤М╨▓╨░╤А, 11╤Б2", "lon": "37.62043", "lat": "55.77008", "registrated_at": "2023-05-18T13:24:34.756Z"}}, {"model": "placesapp.place", "pk": 6, "fields": {"address": "hollywood", "lon": "-80.16726", "lat": "26.01956", "registrated_at": "2023-05-18T13:24:35.727Z"}}, {"model": "placesapp.place", "pk": 7, "fields": {"address": "Los-Angeles", "lon": "-118.24614", "lat": "34.05586", "registrated_at": "2023-05-23T13:25:41.429Z"}}, {"model": "placesapp.place", "pk": 8, "fields": {"address": "Boston", "lon": "-71.06549", "lat": "42.35437", "registrated_at": "2023-05-23T13:25:43.341Z"}}, {"model": "placesapp.place", "pk": 9, "fields": {"address": "Uriarte 1423, C1414 CABA", "lon": "120.34489", "lat": "16.43096", "registrated_at": "2023-05-23T13:25:44.270Z"}}, {"model": "placesapp.place", "pk": 10, "fields": {"address": "bogota", "lon": "-74.09070", "lat": "4.66069", "registrated_at": "2023-05-23T17:02:36.679Z"}}, {"model": "placesapp.place", "pk": 11, "fields": {"address": "boston", "lon": "-71.06549", "lat": "42.35437", "registrated_at": "2023-05-25T12:42:32.508Z"}}, {"model": "admin.logentry", "pk": 1, "fields": {"action_time": "2023-05-15T10:50:04.748Z", "user": 1, "content_type": 2, "object_id": "1", "object_repr": "Don Julio", "action_flag": 1, "change_message": "[{\"added\": {}}]"}}, {"model": "admin.logentry", "pk": 2, "fields": {"action_time": "2023-05-15T10:50:58.580Z", "user": 1, "content_type": 2, "object_id": "2", "object_repr": "Fog├│n Asado", "action_flag": 1, "change_message": "[{\"added\": {}}]"}}, {"model": "admin.logentry", "pk": 3, "fields": {"action_time": "2023-05-15T12:08:08.360Z", "user": 1, "content_type": 2, "object_id": "3", "object_repr": "Star Burger ╨Р╤А╨▒╨░╤В", "action_flag": 1, "change_message": "[{\"added\": {}}]"}}, {"model": "admin.logentry", "pk": 4, "fields": {"action_time": "2023-05-15T12:08:22.894Z", "user": 1, "content_type": 2, "object_id": "4", "object_repr": "Star Burger ╨ж╨▓╨╡╤В╨╜╨╛╨╣", "action_flag": 1, "change_message": "[{\"added\": {}}]"}}, {"model": "admin.logentry", "pk": 5, "fields": {"action_time": "2023-05-15T12:08:58.703Z", "user": 1, "content_type": 1, "object_id": "1", "object_repr": "Mexican", "action_flag": 1, "change_message": "[{\"added\": {}}]"}}, {"model": "admin.logentry", "pk": 6, "fields": {"action_time": "2023-05-15T12:09:16.917Z", "user": 1, "content_type": 1, "object_id": "2", "object_repr": "tripple whopper", "action_flag": 1, "change_message": "[{\"added\": {}}]"}}, {"model": "admin.logentry", "pk": 7, "fields": {"action_time": "2023-05-15T12:09:30.115Z", "user": 1, "content_type": 1, "object_id": "3", "object_repr": "american", "action_flag": 1, "change_message": "[{\"added\": {}}]"}}, {"model": "admin.logentry", "pk": 8, "fields": {"action_time": "2023-05-15T12:09:44.775Z", "user": 1, "content_type": 1, "object_id": "4", "object_repr": "beconizer", "action_flag": 1, "change_message": "[{\"added\": {}}]"}}, {"model": "admin.logentry", "pk": 9, "fields": {"action_time": "2023-05-15T12:10:01.146Z", "user": 1, "content_type": 2, "object_id": "4", "object_repr": "Star Burger ╨ж╨▓╨╡╤В╨╜╨╛╨╣", "action_flag": 2, "change_message": "[{\"added\": {\"name\": \"\\u043f\\u0443\\u043d\\u043a\\u0442 \\u043c\\u0435\\u043d\\u044e \\u0440\\u0435\\u0441\\u0442\\u043e\\u0440\\u0430\\u043d\\u0430\", \"object\": \"Star Burger \\u0426\\u0432\\u0435\\u0442\\u043d\\u043e\\u0439 - Mexican\"}}, {\"added\": {\"name\": \"\\u043f\\u0443\\u043d\\u043a\\u0442 \\u043c\\u0435\\u043d\\u044e \\u0440\\u0435\\u0441\\u0442\\u043e\\u0440\\u0430\\u043d\\u0430\", \"object\": \"Star Burger \\u0426\\u0432\\u0435\\u0442\\u043d\\u043e\\u0439 - tripple whopper\"}}, {\"added\": {\"name\": \"\\u043f\\u0443\\u043d\\u043a\\u0442 \\u043c\\u0435\\u043d\\u044e \\u0440\\u0435\\u0441\\u0442\\u043e\\u0440\\u0430\\u043d\\u0430\", \"object\": \"Star Burger \\u0426\\u0432\\u0435\\u0442\\u043d\\u043e\\u0439 - american\"}}]"}}, {"model": "admin.logentry", "pk": 10, "fields": {"action_time": "2023-05-15T12:10:15.543Z", "user": 1, "content_type": 2, "object_id": "3", "object_repr": "Star Burger ╨Р╤А╨▒╨░╤В", "action_flag": 2, "change_message": "[{\"added\": {\"name\": \"\\u043f\\u0443\\u043d\\u043a\\u0442 \\u043c\\u0435\\u043d\\u044e \\u0440\\u0435\\u0441\\u0442\\u043e\\u0440\\u0430\\u043d\\u0430\", \"object\": \"Star Burger \\u0410\\u0440\\u0431\\u0430\\u0442 - tripple whopper\"}}, {\"added\": {\"name\": \"\\u043f\\u0443\\u043d\\u043a\\u0442 \\u043c\\u0435\\u043d\\u044e \\u0440\\u0435\\u0441\\u0442\\u043e\\u0440\\u0430\\u043d\\u0430\", \"object\": \"Star Burger \\u0410\\u0440\\u0431\\u0430\\u0442 - american\"}}, {\"added\": {\"name\": \"\\u043f\\u0443\\u043d\\u043a\\u0442 \\u043c\\u0435\\u043d\\u044e \\u0440\\u0435\\u0441\\u0442\\u043e\\u0440\\u0430\\u043d\\u0430\", \"object\": \"Star Burger \\u0410\\u0440\\u0431\\u0430\\u0442 - beconizer\"}}]"}}, {"model": "admin.logentry", "pk": 11, "fields": {"action_time": "2023-05-15T12:10:24.327Z", "user": 1, "content_type": 2, "object_id": "2", "object_repr": "Fog├│n Asado", "action_flag": 2, "change_message": "[{\"added\": {\"name\": \"\\u043f\\u0443\\u043d\\u043a\\u0442 \\u043c\\u0435\\u043d\\u044e \\u0440\\u0435\\u0441\\u0442\\u043e\\u0440\\u0430\\u043d\\u0430\", \"object\": \"Fog\\u00f3n Asado - Mexican\"}}, {\"added\": {\"name\": \"\\u043f\\u0443\\u043d\\u043a\\u0442 \\u043c\\u0435\\u043d\\u044e \\u0440\\u0435\\u0441\\u0442\\u043e\\u0440\\u0430\\u043d\\u0430\", \"object\": \"Fog\\u00f3n Asado - american\"}}]"}}, {"model": "admin.logentry", "pk": 12, "fields": {"action_time": "2023-05-15T12:10:32.918Z", "user": 1, "content_type": 2, "object_id": "1", "object_repr": "Don Julio", "action_flag": 2, "change_message": "[{\"added\": {\"name\": \"\\u043f\\u0443\\u043d\\u043a\\u0442 \\u043c\\u0435\\u043d\\u044e \\u0440\\u0435\\u0441\\u0442\\u043e\\u0440\\u0430\\u043d\\u0430\", \"object\": \"Don Julio - Mexican\"}}, {\"added\": {\"name\": \"\\u043f\\u0443\\u043d\\u043a\\u0442 \\u043c\\u0435\\u043d\\u044e \\u0440\\u0435\\u0441\\u0442\\u043e\\u0440\\u0430\\u043d\\u0430\", \"object\": \"Don Julio - american\"}}]"}}, {"model": "admin.logentry", "pk": 13, "fields": {"action_time": "2023-05-15T13:47:51.998Z", "user": 1, "content_type": 12, "object_id": "1", "object_repr": "╨Ч╨░╨║╨░╨╖ 1 ╨╛╤В ivan ivanov", "action_flag": 1, "change_message": "[{\"added\": {}}, {\"added\": {\"name\": \"\\u044d\\u043b\\u0435\\u043c\\u0435\\u043d\\u0442 \\u0437\\u0430\\u043a\\u0430\\u0437\\u0430\", \"object\": \"OrderItem object (1)\"}}, {\"added\": {\"name\": \"\\u044d\\u043b\\u0435\\u043c\\u0435\\u043d\\u0442 \\u0437\\u0430\\u043a\\u0430\\u0437\\u0430\", \"object\": \"OrderItem object (2)\"}}]"}}, {"model": "admin.logentry", "pk": 14, "fields": {"action_time": "2023-05-15T13:51:23.602Z", "user": 1, "content_type": 12, "object_id": "1", "object_repr": "╨Ч╨░╨║╨░╨╖ 1 ╨╛╤В ivan ivanov", "action_flag": 2, "change_message": "[{\"changed\": {\"fields\": [\"\\u0410\\u0434\\u0440\\u0435\\u0441\"]}}]"}}, {"model": "admin.logentry", "pk": 15, "fields": {"action_time": "2023-05-15T14:49:03.067Z", "user": 1, "content_type": 12, "object_id": "9", "object_repr": "╨Ч╨░╨║╨░╨╖ 9 ╨╛╤В brad pitt", "action_flag": 3, "change_message": ""}}, {"model": "admin.logentry", "pk": 16, "fields": {"action_time": "2023-05-15T14:49:07.383Z", "user": 1, "content_type": 12, "object_id": "8", "object_repr": "╨Ч╨░╨║╨░╨╖ 8 ╨╛╤В brad pitt", "action_flag": 3, "change_message": ""}}, {"model": "admin.logentry", "pk": 17, "fields": {"action_time": "2023-05-15T14:49:10.951Z", "user": 1, "content_type": 12, "object_id": "7", "object_repr": "╨Ч╨░╨║╨░╨╖ 7 ╨╛╤В brad pitt", "action_flag": 3, "change_message": ""}}, {"model": "admin.logentry", "pk": 18, "fields": {"action_time": "2023-05-15T14:49:14.429Z", "user": 1, "content_type": 12, "object_id": "6", "object_repr": "╨Ч╨░╨║╨░╨╖ 6 ╨╛╤В brad pitt", "action_flag": 3, "change_message": ""}}, {"model": "admin.logentry", "pk": 19, "fields": {"action_time": "2023-05-15T14:49:18.207Z", "user": 1, "content_type": 12, "object_id": "5", "object_repr": "╨Ч╨░╨║╨░╨╖ 5 ╨╛╤В brad pitt", "action_flag": 3, "change_message": ""}}, {"model": "admin.logentry", "pk": 20, "fields": {"action_time": "2023-05-15T14:49:22.685Z", "user": 1, "content_type": 12, "object_id": "4", "object_repr": "╨Ч╨░╨║╨░╨╖ 4 ╨╛╤В Brad Pitt", "action_flag": 3, "change_message": ""}}, {"model": "admin.logentry", "pk": 21, "fields": {"action_time": "2023-05-15T14:49:25.844Z", "user": 1, "content_type": 12, "object_id": "3", "object_repr": "╨Ч╨░╨║╨░╨╖ 3 ╨╛╤В Brad Pitt", "action_flag": 3, "change_message": ""}}, {"model": "admin.logentry", "pk": 22, "fields": {"action_time": "2023-05-15T14:49:29.540Z", "user": 1, "content_type": 12, "object_id": "2", "object_repr": "╨Ч╨░╨║╨░╨╖ 2 ╨╛╤В Brad Pitt", "action_flag": 3, "change_message": ""}}, {"model": "admin.logentry", "pk": 23, "fields": {"action_time": "2023-05-15T16:07:40.768Z", "user": 1, "content_type": 12, "object_id": "14", "object_repr": "╨Ч╨░╨║╨░╨╖ 14 ╨╛╤В antonio banderas", "action_flag": 3, "change_message": ""}}, {"model": "admin.logentry", "pk": 24, "fields": {"action_time": "2023-05-15T16:08:57.468Z", "user": 1, "content_type": 12, "object_id": "15", "object_repr": "╨Ч╨░╨║╨░╨╖ 15 ╨╛╤В antonio banderas", "action_flag": 3, "change_message": ""}}, {"model": "admin.logentry", "pk": 25, "fields": {"action_time": "2023-05-15T16:09:01.478Z", "user": 1, "content_type": 12, "object_id": "13", "object_repr": "╨Ч╨░╨║╨░╨╖ 13 ╨╛╤В antonio banderas", "action_flag": 3, "change_message": ""}}, {"model": "admin.logentry", "pk": 26, "fields": {"action_time": "2023-05-15T16:50:57.502Z", "user": 1, "content_type": 12, "object_id": "17", "object_repr": "╨Ч╨░╨║╨░╨╖ 17 ╨╛╤В sdf dsf", "action_flag": 3, "change_message": ""}}, {"model": "admin.logentry", "pk": 27, "fields": {"action_time": "2023-05-15T20:05:24.538Z", "user": 1, "content_type": 12, "object_id": "24", "object_repr": "╨Ч╨░╨║╨░╨╖ 24 ╨╛╤В antonio! banderas", "action_flag": 3, "change_message": ""}}, {"model": "admin.logentry", "pk": 28, "fields": {"action_time": "2023-05-15T20:05:38.040Z", "user": 1, "content_type": 12, "object_id": "23", "object_repr": "╨Ч╨░╨║╨░╨╖ 23 ╨╛╤В antonio banderas", "action_flag": 3, "change_message": ""}}, {"model": "admin.logentry", "pk": 29, "fields": {"action_time": "2023-05-15T20:05:38.047Z", "user": 1, "content_type": 12, "object_id": "22", "object_repr": "╨Ч╨░╨║╨░╨╖ 22 ╨╛╤В antonio banderas", "action_flag": 3, "change_message": ""}}, {"model": "admin.logentry", "pk": 30, "fields": {"action_time": "2023-05-15T20:05:38.054Z", "user": 1, "content_type": 12, "object_id": "21", "object_repr": "╨Ч╨░╨║╨░╨╖ 21 ╨╛╤В antonio banderas", "action_flag": 3, "change_message": ""}}, {"model": "admin.logentry", "pk": 31, "fields": {"action_time": "2023-05-15T20:05:38.060Z", "user": 1, "content_type": 12, "object_id": "20", "object_repr": "╨Ч╨░╨║╨░╨╖ 20 ╨╛╤В antonio banderas", "action_flag": 3, "change_message": ""}}, {"model": "admin.logentry", "pk": 32, "fields": {"action_time": "2023-05-15T20:06:47.958Z", "user": 1, "content_type": 12, "object_id": "26", "object_repr": "╨Ч╨░╨║╨░╨╖ 26 ╨╛╤В ╨Ш╨▓╨░╨╜ ╨Я╨╡╤В╤А╨╛╨▓", "action_flag": 3, "change_message": ""}}, {"model": "admin.logentry", "pk": 33, "fields": {"action_time": "2023-05-15T20:14:13.921Z", "user": 1, "content_type": 12, "object_id": "27", "object_repr": "╨Ч╨░╨║╨░╨╖ 27 ╨╛╤В antonio!! banderas", "action_flag": 3, "change_message": ""}}, {"model": "admin.logentry", "pk": 34, "fields": {"action_time": "2023-05-15T20:14:13.928Z", "user": 1, "content_type": 12, "object_id": "25", "object_repr": "╨Ч╨░╨║╨░╨╖ 25 ╨╛╤В antonio! banderas", "action_flag": 3, "change_message": ""}}, {"model": "admin.logentry", "pk": 35, "fields": {"action_time": "2023-05-15T20:16:33.202Z", "user": 1, "content_type": 12, "object_id": "29", "object_repr": "╨Ч╨░╨║╨░╨╖ 29 ╨╛╤В !antonio banderas", "action_flag": 3, "change_message": ""}}, {"model": "admin.logentry", "pk": 36, "fields": {"action_time": "2023-05-15T20:24:34.050Z", "user": 1, "content_type": 12, "object_id": "31", "object_repr": "╨Ч╨░╨║╨░╨╖ 31 ╨╛╤В ╨Ш╨▓╨░╨╜ ╨Я╨╡╤В╤А╨╛╨▓", "action_flag": 3, "change_message": ""}}, {"model": "admin.logentry", "pk": 37, "fields": {"action_time": "2023-05-15T20:24:34.057Z", "user": 1, "content_type": 12, "object_id": "30", "object_repr": "╨Ч╨░╨║╨░╨╖ 30 ╨╛╤В ╨Ш╨▓╨░╨╜ ╨Я╨╡╤В╤А╨╛╨▓", "action_flag": 3, "change_message": ""}}, {"model": "admin.logentry", "pk": 38, "fields": {"action_time": "2023-05-15T20:37:30.027Z", "user": 1, "content_type": 12, "object_id": "34", "object_repr": "╨Ч╨░╨║╨░╨╖ 34 ╨╛╤В antonio banderas", "action_flag": 3, "change_message": ""}}, {"model": "admin.logentry", "pk": 39, "fields": {"action_time": "2023-05-15T20:39:09.832Z", "user": 1, "content_type": 12, "object_id": "35", "object_repr": "╨Ч╨░╨║╨░╨╖ 35 ╨╛╤В antonio banderas", "action_flag": 3, "change_message": ""}}, {"model": "admin.logentry", "pk": 40, "fields": {"action_time": "2023-05-15T20:41:35.010Z", "user": 1, "content_type": 12, "object_id": "36", "object_repr": "╨Ч╨░╨║╨░╨╖ 36 ╨╛╤В antonio banderas", "action_flag": 3, "change_message": ""}}, {"model": "admin.logentry", "pk": 41, "fields": {"action_time": "2023-05-15T20:51:49.791Z", "user": 1, "content_type": 12, "object_id": "37", "object_repr": "╨Ч╨░╨║╨░╨╖ 37 ╨╛╤В antonio banderas", "action_flag": 3, "change_message": ""}}, {"model": "admin.logentry", "pk": 42, "fields": {"action_time": "2023-05-15T20:53:49.901Z", "user": 1, "content_type": 12, "object_id": "38", "object_repr": "╨Ч╨░╨║╨░╨╖ 38 ╨╛╤В antoni34o banderas", "action_flag": 3, "change_message": ""}}, {"model": "admin.logentry", "pk": 43, "fields": {"action_time": "2023-05-15T20:54:47.396Z", "user": 1, "content_type": 12, "object_id": "40", "object_repr": "╨Ч╨░╨║╨░╨╖ 40 ╨╛╤В !antonio banderas", "action_flag": 3, "change_message": ""}}, {"model": "admin.logentry", "pk": 44, "fields": {"action_time": "2023-05-15T20:54:47.403Z", "user": 1, "content_type": 12, "object_id": "39", "object_repr": "╨Ч╨░╨║╨░╨╖ 39 ╨╛╤В AAntonio banderas", "action_flag": 3, "change_message": ""}}, {"model": "admin.logentry", "pk": 45, "fields": {"action_time": "2023-05-16T10:23:28.813Z", "user": 1, "content_type": 8, "object_id": "2", "object_repr": "manager", "action_flag": 1, "change_message": "[{\"added\": {}}]"}}, {"model": "admin.logentry", "pk": 46, "fields": {"action_time": "2023-05-16T10:24:12.731Z", "user": 1, "content_type": 8, "object_id": "2", "object_repr": "manager", "action_flag": 2, "change_message": "[{\"changed\": {\"fields\": [\"Staff status\"]}}]"}}, {"model": "admin.logentry", "pk": 47, "fields": {"action_time": "2023-05-16T16:00:52.113Z", "user": 1, "content_type": 12, "object_id": "32", "object_repr": "╨Ч╨░╨║╨░╨╖ 32 ╨╛╤В John ╨Я╨╡╤В╤А╨╛╨▓", "action_flag": 2, "change_message": "[{\"added\": {\"name\": \"\\u044d\\u043b\\u0435\\u043c\\u0435\\u043d\\u0442 \\u0437\\u0430\\u043a\\u0430\\u0437\\u0430\", \"object\": \"OrderItem object (53)\"}}]"}}, {"model": "admin.logentry", "pk": 48, "fields": {"action_time": "2023-05-16T16:02:32.675Z", "user": 1, "content_type": 12, "object_id": "32", "object_repr": "╨Ч╨░╨║╨░╨╖ 32 ╨╛╤В John ╨Я╨╡╤В╤А╨╛╨▓", "action_flag": 2, "change_message": "[{\"added\": {\"name\": \"\\u044d\\u043b\\u0435\\u043c\\u0435\\u043d\\u0442 \\u0437\\u0430\\u043a\\u0430\\u0437\\u0430\", \"object\": \"OrderItem object (54)\"}}]"}}, {"model": "admin.logentry", "pk": 49, "fields": {"action_time": "2023-05-16T16:49:31.270Z", "user": 1, "content_type": 12, "object_id": "41", "object_repr": "╨Ч╨░╨║╨░╨╖ 41 ╨╛╤В new customer", "action_flag": 3, "change_message": ""}}, {"model": "admin.logentry", "pk": 50, "fields": {"action_time": "2023-05-16T16:49:31.277Z", "user": 1, "content_type": 12, "object_id": "33", "object_repr": "╨Ч╨░╨║╨░╨╖ 33 ╨╛╤В ronaldo fenomeno", "action_flag": 3, "change_message": ""}}, {"model": "admin.logentry", "pk": 51, "fields": {"action_time": "2023-05-16T16:49:31.282Z", "user": 1, "content_type": 12, "object_id": "32", "object_repr": "╨Ч╨░╨║╨░╨╖ 32 ╨╛╤В John ╨Я╨╡╤В╤А╨╛╨▓", "action_flag": 3, "change_message": ""}}, {"model": "admin.logentry", "pk": 52, "fields": {"action_time": "2023-05-16T16:49:31.288Z", "user": 1, "content_type": 12, "object_id": "28", "object_repr": "╨Ч╨░╨║╨░╨╖ 28 ╨╛╤В antonio banderas", "action_flag": 3, "change_message": ""}}, {"model": "admin.logentry", "pk": 53, "fields": {"action_time": "2023-05-16T16:49:31.292Z", "user": 1, "content_type": 12, "object_id": "19", "object_repr": "╨Ч╨░╨║╨░╨╖ 19 ╨╛╤В ╨в╨╕╨╝╤Г╤А ╨Ш╨▓╨░╨╜╨╛╨▓", "action_flag": 3, "change_message": ""}}, {"model": "admin.logentry", "pk": 54, "fields": {"action_time": "2023-05-16T16:49:31.296Z", "user": 1, "content_type": 12, "object_id": "18", "object_repr": "╨Ч╨░╨║╨░╨╖ 18 ╨╛╤В peppa pig", "action_flag": 3, "change_message": ""}}, {"model": "admin.logentry", "pk": 55, "fields": {"action_time": "2023-05-16T16:49:31.301Z", "user": 1, "content_type": 12, "object_id": "16", "object_repr": "╨Ч╨░╨║╨░╨╖ 16 ╨╛╤В antonio banderas", "action_flag": 3, "change_message": ""}}, {"model": "admin.logentry", "pk": 56, "fields": {"action_time": "2023-05-16T16:49:31.305Z", "user": 1, "content_type": 12, "object_id": "12", "object_repr": "╨Ч╨░╨║╨░╨╖ 12 ╨╛╤В leo messi", "action_flag": 3, "change_message": ""}}, {"model": "admin.logentry", "pk": 57, "fields": {"action_time": "2023-05-16T16:49:31.310Z", "user": 1, "content_type": 12, "object_id": "11", "object_repr": "╨Ч╨░╨║╨░╨╖ 11 ╨╛╤В leo di caprio", "action_flag": 3, "change_message": ""}}, {"model": "admin.logentry", "pk": 58, "fields": {"action_time": "2023-05-16T16:49:31.315Z", "user": 1, "content_type": 12, "object_id": "10", "object_repr": "╨Ч╨░╨║╨░╨╖ 10 ╨╛╤В brad pitt", "action_flag": 3, "change_message": ""}}, {"model": "admin.logentry", "pk": 59, "fields": {"action_time": "2023-05-16T17:00:03.274Z", "user": 1, "content_type": 1, "object_id": "4", "object_repr": "beconizer", "action_flag": 2, "change_message": "[{\"changed\": {\"fields\": [\"\\u0426\\u0435\\u043d\\u0430\"]}}]"}}, {"model": "admin.logentry", "pk": 60, "fields": {"action_time": "2023-05-16T17:00:12.024Z", "user": 1, "content_type": 1, "object_id": "2", "object_repr": "tripple whopper", "action_flag": 2, "change_message": "[{\"changed\": {\"fields\": [\"\\u0426\\u0435\\u043d\\u0430\"]}}]"}}, {"model": "admin.logentry", "pk": 61, "fields": {"action_time": "2023-05-16T17:00:19.356Z", "user": 1, "content_type": 1, "object_id": "1", "object_repr": "Mexican", "action_flag": 2, "change_message": "[{\"changed\": {\"fields\": [\"\\u0426\\u0435\\u043d\\u0430\"]}}]"}}, {"model": "admin.logentry", "pk": 62, "fields": {"action_time": "2023-05-16T17:00:31.709Z", "user": 1, "content_type": 12, "object_id": "42", "object_repr": "╨Ч╨░╨║╨░╨╖ 42 ╨╛╤В new customer", "action_flag": 3, "change_message": ""}}, {"model": "admin.logentry", "pk": 63, "fields": {"action_time": "2023-05-16T19:34:56.952Z", "user": 1, "content_type": 12, "object_id": "44", "object_repr": "╨Ч╨░╨║╨░╨╖ 44 ╨╛╤В ben elf", "action_flag": 2, "change_message": "[{\"changed\": {\"name\": \"\\u044d\\u043b\\u0435\\u043c\\u0435\\u043d\\u0442 \\u0437\\u0430\\u043a\\u0430\\u0437\\u0430\", \"object\": \"OrderItem object (60)\", \"fields\": [\"\\u0426\\u0435\\u043d\\u0430\"]}}]"}}, {"model": "admin.logentry", "pk": 64, "fields": {"action_time": "2023-05-16T19:37:15.907Z", "user": 1, "content_type": 1, "object_id": "3", "object_repr": "american", "action_flag": 2, "change_message": "[{\"changed\": {\"fields\": [\"\\u0426\\u0435\\u043d\\u0430\"]}}]"}}, {"model": "admin.logentry", "pk": 65, "fields": {"action_time": "2023-05-16T19:43:29.632Z", "user": 1, "content_type": 12, "object_id": "1", "object_repr": "╨Ч╨░╨║╨░╨╖ 1 ╨╛╤В ivan ivanov", "action_flag": 2, "change_message": "[]"}}, {"model": "admin.logentry", "pk": 66, "fields": {"action_time": "2023-05-16T20:17:31.171Z", "user": 1, "content_type": 12, "object_id": "1", "object_repr": "╨Ч╨░╨║╨░╨╖ 1 ╨╛╤В ivan ivanov", "action_flag": 2, "change_message": "[{\"changed\": {\"name\": \"\\u044d\\u043b\\u0435\\u043c\\u0435\\u043d\\u0442 \\u0437\\u0430\\u043a\\u0430\\u0437\\u0430\", \"object\": \"OrderItem object (1)\", \"fields\": [\"\\u0426\\u0435\\u043d\\u0430\"]}}, {\"changed\": {\"name\": \"\\u044d\\u043b\\u0435\\u043c\\u0435\\u043d\\u0442 \\u0437\\u0430\\u043a\\u0430\\u0437\\u0430\", \"object\": \"OrderItem object (2)\", \"fields\": [\"\\u0426\\u0435\\u043d\\u0430\"]}}]"}}, {"model": "admin.logentry", "pk": 67, "fields": {"action_time": "2023-05-16T20:25:26.366Z", "user": 1, "content_type": 12, "object_id": "1", "object_repr": "╨Ч╨░╨║╨░╨╖ 1 ╨╛╤В ivan ivanov", "action_flag": 2, "change_message": "[{\"changed\": {\"name\": \"\\u044d\\u043b\\u0435\\u043c\\u0435\\u043d\\u0442 \\u0437\\u0430\\u043a\\u0430\\u0437\\u0430\", \"object\": \"OrderItem object (1)\", \"fields\": [\"\\u0426\\u0435\\u043d\\u0430\"]}}, {\"changed\": {\"name\": \"\\u044d\\u043b\\u0435\\u043c\\u0435\\u043d\\u0442 \\u0437\\u0430\\u043a\\u0430\\u0437\\u0430\", \"object\": \"OrderItem object (2)\", \"fields\": [\"\\u0426\\u0435\\u043d\\u0430\"]}}]"}}, {"model": "admin.logentry", "pk": 68, "fields": {"action_time": "2023-05-17T10:42:04.287Z", "user": 1, "content_type": 12, "object_id": "44", "object_repr": "╨Ч╨░╨║╨░╨╖ 44 ╨╛╤В Ben elf", "action_flag": 2, "change_message": "[{\"changed\": {\"fields\": [\"\\u0418\\u043c\\u044f\"]}}]"}}, {"model": "admin.logentry", "pk": 69, "fields": {"action_time": "2023-05-17T10:42:44.581Z", "user": 1, "content_type": 12, "object_id": "44", "object_repr": "╨Ч╨░╨║╨░╨╖ 44 ╨╛╤В Ben Elf", "action_flag": 2, "change_message": "[{\"changed\": {\"fields\": [\"\\u0424\\u0430\\u043c\\u0438\\u043b\\u0438\\u044f\"]}}]"}}, {"model": "admin.logentry", "pk": 70, "fields": {"action_time": "2023-05-17T10:43:43.845Z", "user": 1, "content_type": 12, "object_id": "44", "object_repr": "╨Ч╨░╨║╨░╨╖ 44 ╨╛╤В Ben! Elf", "action_flag": 2, "change_message": "[{\"changed\": {\"fields\": [\"\\u0418\\u043c\\u044f\"]}}]"}}, {"model": "admin.logentry", "pk": 71, "fields": {"action_time": "2023-05-17T10:49:26.341Z", "user": 1, "content_type": 12, "object_id": "44", "object_repr": "╨Ч╨░╨║╨░╨╖ 44 ╨╛╤В Ben!! Elf", "action_flag": 2, "change_message": "[{\"changed\": {\"fields\": [\"\\u0418\\u043c\\u044f\"]}}]"}}, {"model": "admin.logentry", "pk": 72, "fields": {"action_time": "2023-05-17T10:52:07.073Z", "user": 1, "content_type": 12, "object_id": "44", "object_repr": "╨Ч╨░╨║╨░╨╖ 44 ╨╛╤В Ben Elf", "action_flag": 2, "change_message": "[{\"changed\": {\"fields\": [\"\\u0418\\u043c\\u044f\"]}}]"}}, {"model": "admin.logentry", "pk": 73, "fields": {"action_time": "2023-05-17T10:52:19.073Z", "user": 1, "content_type": 12, "object_id": "44", "object_repr": "╨Ч╨░╨║╨░╨╖ 44 ╨╛╤В Ben Elf", "action_flag": 2, "change_message": "[]"}}, {"model": "admin.logentry", "pk": 74, "fields": {"action_time": "2023-05-17T10:52:49.232Z", "user": 1, "content_type": 12, "object_id": "44", "object_repr": "╨Ч╨░╨║╨░╨╖ 44 ╨╛╤В Ben! Elf", "action_flag": 2, "change_message": "[{\"changed\": {\"fields\": [\"\\u0418\\u043c\\u044f\"]}}]"}}, {"model": "admin.logentry", "pk": 75, "fields": {"action_time": "2023-05-17T12:54:38.131Z", "user": 1, "content_type": 12, "object_id": "1", "object_repr": "╨Ч╨░╨║╨░╨╖ 1 ╨╛╤В ivan ivanov", "action_flag": 2, "change_message": "[{\"changed\": {\"fields\": [\"Status\"]}}]"}}, {"model": "admin.logentry", "pk": 76, "fields": {"action_time": "2023-05-17T12:57:23.166Z", "user": 1, "content_type": 12, "object_id": "1", "object_repr": "╨Ч╨░╨║╨░╨╖ 1 ╨╛╤В ivan ivanov", "action_flag": 2, "change_message": "[{\"changed\": {\"fields\": [\"Status\"]}}]"}}, {"model": "admin.logentry", "pk": 77, "fields": {"action_time": "2023-05-17T13:11:01.987Z", "user": 1, "content_type": 12, "object_id": "46", "object_repr": "╨Ч╨░╨║╨░╨╖ 46 ╨╛╤В brad pitt", "action_flag": 2, "change_message": "[{\"changed\": {\"fields\": [\"Comment\"]}}]"}}, {"model": "admin.logentry", "pk": 78, "fields": {"action_time": "2023-05-17T13:30:17.552Z", "user": 1, "content_type": 12, "object_id": "46", "object_repr": "╨Ч╨░╨║╨░╨╖ 46 ╨╛╤В brad pitt", "action_flag": 2, "change_message": "[{\"changed\": {\"fields\": [\"Payment method\"]}}]"}}, {"model": "admin.logentry", "pk": 79, "fields": {"action_time": "2023-05-17T15:46:20.712Z", "user": 1, "content_type": 12, "object_id": "43", "object_repr": "╨Ч╨░╨║╨░╨╖ 43 ╨╛╤В leo di caprio", "action_flag": 2, "change_message": "[{\"changed\": {\"fields\": [\"Status\"]}}]"}}, {"model": "admin.logentry", "pk": 80, "fields": {"action_time": "2023-05-17T15:46:32.836Z", "user": 1, "content_type": 12, "object_id": "43", "object_repr": "╨Ч╨░╨║╨░╨╖ 43 ╨╛╤В leo di caprio", "action_flag": 2, "change_message": "[]"}}, {"model": "admin.logentry", "pk": 81, "fields": {"action_time": "2023-05-17T15:46:49.389Z", "user": 1, "content_type": 12, "object_id": "45", "object_repr": "╨Ч╨░╨║╨░╨╖ 45 ╨╛╤В holly fairy", "action_flag": 2, "change_message": "[{\"changed\": {\"fields\": [\"Status\"]}}]"}}, {"model": "admin.logentry", "pk": 82, "fields": {"action_time": "2023-05-17T15:48:01.607Z", "user": 1, "content_type": 12, "object_id": "45", "object_repr": "╨Ч╨░╨║╨░╨╖ 45 ╨╛╤В holly fairy", "action_flag": 2, "change_message": "[{\"changed\": {\"fields\": [\"Status\"]}}]"}}, {"model": "admin.logentry", "pk": 83, "fields": {"action_time": "2023-05-17T15:55:05.477Z", "user": 1, "content_type": 12, "object_id": "43", "object_repr": "╨Ч╨░╨║╨░╨╖ 43 ╨╛╤В leo di caprio", "action_flag": 2, "change_message": "[{\"changed\": {\"fields\": [\"Restaurant\"]}}]"}}, {"model": "admin.logentry", "pk": 84, "fields": {"action_time": "2023-05-17T15:55:18.530Z", "user": 1, "content_type": 12, "object_id": "45", "object_repr": "╨Ч╨░╨║╨░╨╖ 45 ╨╛╤В holly fairy", "action_flag": 2, "change_message": "[{\"changed\": {\"fields\": [\"Restaurant\"]}}]"}}, {"model": "admin.logentry", "pk": 85, "fields": {"action_time": "2023-05-17T18:49:17.998Z", "user": 1, "content_type": 2, "object_id": "1", "object_repr": "Don Julio", "action_flag": 2, "change_message": "[{\"added\": {\"name\": \"\\u043f\\u0443\\u043d\\u043a\\u0442 \\u043c\\u0435\\u043d\\u044e \\u0440\\u0435\\u0441\\u0442\\u043e\\u0440\\u0430\\u043d\\u0430\", \"object\": \"Don Julio - beconizer\"}}]"}}, {"model": "admin.logentry", "pk": 86, "fields": {"action_time": "2023-05-17T19:37:47.890Z", "user": 1, "content_type": 12, "object_id": "44", "object_repr": "╨Ч╨░╨║╨░╨╖ 44 ╨╛╤В Ben! Elf", "action_flag": 2, "change_message": "[{\"changed\": {\"fields\": [\"Status\", \"Restaurant\"]}}]"}}, {"model": "admin.logentry", "pk": 87, "fields": {"action_time": "2023-05-17T19:38:01.174Z", "user": 1, "content_type": 12, "object_id": "44", "object_repr": "╨Ч╨░╨║╨░╨╖ 44 ╨╛╤В Ben! Elf", "action_flag": 2, "change_message": "[{\"changed\": {\"fields\": [\"Status\", \"Restaurant\"]}}]"}}, {"model": "admin.logentry", "pk": 88, "fields": {"action_time": "2023-05-17T22:06:26.357Z", "user": 1, "content_type": 12, "object_id": "44", "object_repr": "╨Ч╨░╨║╨░╨╖ 44 ╨╛╤В Ben! Elf", "action_flag": 2, "change_message": "[{\"changed\": {\"fields\": [\"\\u0410\\u0434\\u0440\\u0435\\u0441\"]}}]"}}, {"model": "admin.logentry", "pk": 89, "fields": {"action_time": "2023-05-17T22:06:49.863Z", "user": 1, "content_type": 12, "object_id": "45", "object_repr": "╨Ч╨░╨║╨░╨╖ 45 ╨╛╤В holly fairy", "action_flag": 2, "change_message": "[{\"changed\": {\"fields\": [\"\\u0410\\u0434\\u0440\\u0435\\u0441\"]}}]"}}, {"model": "admin.logentry", "pk": 90, "fields": {"action_time": "2023-05-17T22:07:04.119Z", "user": 1, "content_type": 12, "object_id": "43", "object_repr": "╨Ч╨░╨║╨░╨╖ 43 ╨╛╤В leo di caprio", "action_flag": 2, "change_message": "[{\"changed\": {\"fields\": [\"\\u0410\\u0434\\u0440\\u0435\\u0441\"]}}]"}}, {"model": "admin.logentry", "pk": 91, "fields": {"action_time": "2023-05-18T09:59:03.629Z", "user": 1, "content_type": 2, "object_id": "1", "object_repr": "Don Julio", "action_flag": 2, "change_message": "[{\"changed\": {\"fields\": [\"\\u0410\\u0434\\u0440\\u0435\\u0441\"]}}]"}}, {"model": "admin.logentry", "pk": 92, "fields": {"action_time": "2023-05-18T10:00:12.951Z", "user": 1, "content_type": 2, "object_id": "1", "object_repr": "Don Julio", "action_flag": 2, "change_message": "[{\"changed\": {\"fields\": [\"\\u0410\\u0434\\u0440\\u0435\\u0441\"]}}]"}}, {"model": "admin.logentry", "pk": 93, "fields": {"action_time": "2023-05-18T10:01:17.909Z", "user": 1, "content_type": 2, "object_id": "1", "object_repr": "Don Julio", "action_flag": 2, "change_message": "[{\"changed\": {\"fields\": [\"\\u0410\\u0434\\u0440\\u0435\\u0441\"]}}]"}}, {"model": "admin.logentry", "pk": 94, "fields": {"action_time": "2023-05-18T13:24:06.968Z", "user": 1, "content_type": 13, "object_id": "2", "object_repr": "Place object (2)", "action_flag": 3, "change_message": ""}}, {"model": "admin.logentry", "pk": 95, "fields": {"action_time": "2023-05-18T13:24:06.984Z", "user": 1, "content_type": 13, "object_id": "1", "object_repr": "Place object (1)", "action_flag": 3, "change_message": ""}}, {"model": "admin.logentry", "pk": 96, "fields": {"action_time": "2023-05-23T17:12:34.238Z", "user": 1, "content_type": 12, "object_id": "51", "object_repr": "╨Ч╨░╨║╨░╨╖ 51 ╨╛╤В 324 234", "action_flag": 3, "change_message": ""}}, {"model": "admin.logentry", "pk": 97, "fields": {"action_time": "2023-05-23T17:12:34.253Z", "user": 1, "content_type": 12, "object_id": "50", "object_repr": "╨Ч╨░╨║╨░╨╖ 50 ╨╛╤В sdf sdf", "action_flag": 3, "change_message": ""}}, {"model": "admin.logentry", "pk": 98, "fields": {"action_time": "2023-05-23T17:12:34.258Z", "user": 1, "content_type": 12, "object_id": "49", "object_repr": "╨Ч╨░╨║╨░╨╖ 49 ╨╛╤В test test", "action_flag": 3, "change_message": ""}}, {"model": "admin.logentry", "pk": 99, "fields": {"action_time": "2023-05-23T17:12:34.266Z", "user": 1, "content_type": 12, "object_id": "48", "object_repr": "╨Ч╨░╨║╨░╨╖ 48 ╨╛╤В sdf sdf", "action_flag": 3, "change_message": ""}}, {"model": "admin.logentry", "pk": 100, "fields": {"action_time": "2023-05-23T17:45:35.251Z", "user": 1, "content_type": 12, "object_id": "52", "object_repr": "╨Ч╨░╨║╨░╨╖ 52 ╨╛╤В sdfasdf sdf", "action_flag": 3, "change_message": ""}}, {"model": "admin.logentry", "pk": 101, "fields": {"action_time": "2023-05-23T17:52:01.458Z", "user": 1, "content_type": 12, "object_id": "54", "object_repr": "╨Ч╨░╨║╨░╨╖ 54 ╨╛╤В sdfsdfsdfsdf sdf", "action_flag": 3, "change_message": ""}}, {"model": "admin.logentry", "pk": 102, "fields": {"action_time": "2023-05-23T17:52:01.467Z", "user": 1, "content_type": 12, "object_id": "53", "object_repr": "╨Ч╨░╨║╨░╨╖ 53 ╨╛╤В sdfsf! sdfs", "action_flag": 3, "change_message": ""}}, {"model": "admin.logentry", "pk": 103, "fields": {"action_time": "2023-05-24T21:32:05.364Z", "user": 1, "content_type": 12, "object_id": "56", "object_repr": "╨Ч╨░╨║╨░╨╖ 56 ╨╛╤В sdfasd asdfasdf", "action_flag": 3, "change_message": ""}}, {"model": "admin.logentry", "pk": 104, "fields": {"action_time": "2023-05-24T21:32:05.382Z", "user": 1, "content_type": 12, "object_id": "55", "object_repr": "╨Ч╨░╨║╨░╨╖ 55 ╨╛╤В sdfasdfasdf asdfasdf", "action_flag": 3, "change_message": ""}}, {"model": "admin.logentry", "pk": 105, "fields": {"action_time": "2023-05-25T12:41:06.916Z", "user": 1, "content_type": 12, "object_id": "57", "object_repr": "╨Ч╨░╨║╨░╨╖ 57 ╨╛╤В qqq www", "action_flag": 3, "change_message": ""}}, {"model": "admin.logentry", "pk": 106, "fields": {"action_time": "2023-05-25T12:41:51.179Z", "user": 1, "content_type": 12, "object_id": "58", "object_repr": "╨Ч╨░╨║╨░╨╖ 58 ╨╛╤В qqq www", "action_flag": 3, "change_message": ""}}, {"model": "auth.permission", "pk": 1, "fields": {"name": "Can add ╤В╨╛╨▓╨░╤А", "content_type": 1, "codename": "add_product"}}, {"model": "auth.permission", "pk": 2, "fields": {"name": "Can change ╤В╨╛╨▓╨░╤А", "content_type": 1, "codename": "change_product"}}, {"model": "auth.permission", "pk": 3, "fields": {"name": "Can delete ╤В╨╛╨▓╨░╤А", "content_type": 1, "codename": "delete_product"}}, {"model": "auth.permission", "pk": 4, "fields": {"name": "Can view ╤В╨╛╨▓╨░╤А", "content_type": 1, "codename": "view_product"}}, {"model": "auth.permission", "pk": 5, "fields": {"name": "Can add ╤А╨╡╤Б╤В╨╛╤А╨░╨╜", "content_type": 2, "codename": "add_restaurant"}}, {"model": "auth.permission", "pk": 6, "fields": {"name": "Can change ╤А╨╡╤Б╤В╨╛╤А╨░╨╜", "content_type": 2, "codename": "change_restaurant"}}, {"model": "auth.permission", "pk": 7, "fields": {"name": "Can delete ╤А╨╡╤Б╤В╨╛╤А╨░╨╜", "content_type": 2, "codename": "delete_restaurant"}}, {"model": "auth.permission", "pk": 8, "fields": {"name": "Can view ╤А╨╡╤Б╤В╨╛╤А╨░╨╜", "content_type": 2, "codename": "view_restaurant"}}, {"model": "auth.permission", "pk": 9, "fields": {"name": "Can add ╨┐╤Г╨╜╨║╤В ╨╝╨╡╨╜╤О ╤А╨╡╤Б╤В╨╛╤А╨░╨╜╨░", "content_type": 3, "codename": "add_restaurantmenuitem"}}, {"model": "auth.permission", "pk": 10, "fields": {"name": "Can change ╨┐╤Г╨╜╨║╤В ╨╝╨╡╨╜╤О ╤А╨╡╤Б╤В╨╛╤А╨░╨╜╨░", "content_type": 3, "codename": "change_restaurantmenuitem"}}, {"model": "auth.permission", "pk": 11, "fields": {"name": "Can delete ╨┐╤Г╨╜╨║╤В ╨╝╨╡╨╜╤О ╤А╨╡╤Б╤В╨╛╤А╨░╨╜╨░", "content_type": 3, "codename": "delete_restaurantmenuitem"}}, {"model": "auth.permission", "pk": 12, "fields": {"name": "Can view ╨┐╤Г╨╜╨║╤В ╨╝╨╡╨╜╤О ╤А╨╡╤Б╤В╨╛╤А╨░╨╜╨░", "content_type": 3, "codename": "view_restaurantmenuitem"}}, {"model": "auth.permission", "pk": 13, "fields": {"name": "Can add ╨║╨░╤В╨╡╨│╨╛╤А╨╕╤П", "content_type": 4, "codename": "add_productcategory"}}, {"model": "auth.permission", "pk": 14, "fields": {"name": "Can change ╨║╨░╤В╨╡╨│╨╛╤А╨╕╤П", "content_type": 4, "codename": "change_productcategory"}}, {"model": "auth.permission", "pk": 15, "fields": {"name": "Can delete ╨║╨░╤В╨╡╨│╨╛╤А╨╕╤П", "content_type": 4, "codename": "delete_productcategory"}}, {"model": "auth.permission", "pk": 16, "fields": {"name": "Can view ╨║╨░╤В╨╡╨│╨╛╤А╨╕╤П", "content_type": 4, "codename": "view_productcategory"}}, {"model": "auth.permission", "pk": 17, "fields": {"name": "Can add log entry", "content_type": 5, "codename": "add_logentry"}}, {"model": "auth.permission", "pk": 18, "fields": {"name": "Can change log entry", "content_type": 5, "codename": "change_logentry"}}, {"model": "auth.permission", "pk": 19, "fields": {"name": "Can delete log entry", "content_type": 5, "codename": "delete_logentry"}}, {"model": "auth.permission", "pk": 20, "fields": {"name": "Can view log entry", "content_type": 5, "codename": "view_logentry"}}, {"model": "auth.permission", "pk": 21, "fields": {"name": "Can add permission", "content_type": 6, "codename": "add_permission"}}, {"model": "auth.permission", "pk": 22, "fields": {"name": "Can change permission", "content_type": 6, "codename": "change_permission"}}, {"model": "auth.permission", "pk": 23, "fields": {"name": "Can delete permission", "content_type": 6, "codename": "delete_permission"}}, {"model": "auth.permission", "pk": 24, "fields": {"name": "Can view permission", "content_type": 6, "codename": "view_permission"}}, {"model": "auth.permission", "pk": 25, "fields": {"name": "Can add group", "content_type": 7, "codename": "add_group"}}, {"model": "auth.permission", "pk": 26, "fields": {"name": "Can change group", "content_type": 7, "codename": "change_group"}}, {"model": "auth.permission", "pk": 27, "fields": {"name": "Can delete group", "content_type": 7, "codename": "delete_group"}}, {"model": "auth.permission", "pk": 28, "fields": {"name": "Can view group", "content_type": 7, "codename": "view_group"}}, {"model": "auth.permission", "pk": 29, "fields": {"name": "Can add user", "content_type": 8, "codename": "add_user"}}, {"model": "auth.permission", "pk": 30, "fields": {"name": "Can change user", "content_type": 8, "codename": "change_user"}}, {"model": "auth.permission", "pk": 31, "fields": {"name": "Can delete user", "content_type": 8, "codename": "delete_user"}}, {"model": "auth.permission", "pk": 32, "fields": {"name": "Can view user", "content_type": 8, "codename": "view_user"}}, {"model": "auth.permission", "pk": 33, "fields": {"name": "Can add content type", "content_type": 9, "codename": "add_contenttype"}}, {"model": "auth.permission", "pk": 34, "fields": {"name": "Can change content type", "content_type": 9, "codename": "change_contenttype"}}, {"model": "auth.permission", "pk": 35, "fields": {"name": "Can delete content type", "content_type": 9, "codename": "delete_contenttype"}}, {"model": "auth.permission", "pk": 36, "fields": {"name": "Can view content type", "content_type": 9, "codename": "view_contenttype"}}, {"model": "auth.permission", "pk": 37, "fields": {"name": "Can add session", "content_type": 10, "codename": "add_session"}}, {"model": "auth.permission", "pk": 38, "fields": {"name": "Can change session", "content_type": 10, "codename": "change_session"}}, {"model": "auth.permission", "pk": 39, "fields": {"name": "Can delete session", "content_type": 10, "codename": "delete_session"}}, {"model": "auth.permission", "pk": 40, "fields": {"name": "Can view session", "content_type": 10, "codename": "view_session"}}, {"model": "auth.permission", "pk": 41, "fields": {"name": "Can add ╤Н╨╗╨╡╨╝╨╡╨╜╤В ╨╖╨░╨║╨░╨╖╨░", "content_type": 11, "codename": "add_orderitem"}}, {"model": "auth.permission", "pk": 42, "fields": {"name": "Can change ╤Н╨╗╨╡╨╝╨╡╨╜╤В ╨╖╨░╨║╨░╨╖╨░", "content_type": 11, "codename": "change_orderitem"}}, {"model": "auth.permission", "pk": 43, "fields": {"name": "Can delete ╤Н╨╗╨╡╨╝╨╡╨╜╤В ╨╖╨░╨║╨░╨╖╨░", "content_type": 11, "codename": "delete_orderitem"}}, {"model": "auth.permission", "pk": 44, "fields": {"name": "Can view ╤Н╨╗╨╡╨╝╨╡╨╜╤В ╨╖╨░╨║╨░╨╖╨░", "content_type": 11, "codename": "view_orderitem"}}, {"model": "auth.permission", "pk": 45, "fields": {"name": "Can add ╨Ч╨░╨║╨░╨╖", "content_type": 12, "codename": "add_order"}}, {"model": "auth.permission", "pk": 46, "fields": {"name": "Can change ╨Ч╨░╨║╨░╨╖", "content_type": 12, "codename": "change_order"}}, {"model": "auth.permission", "pk": 47, "fields": {"name": "Can delete ╨Ч╨░╨║╨░╨╖", "content_type": 12, "codename": "delete_order"}}, {"model": "auth.permission", "pk": 48, "fields": {"name": "Can view ╨Ч╨░╨║╨░╨╖", "content_type": 12, "codename": "view_order"}}, {"model": "auth.permission", "pk": 49, "fields": {"name": "Can add place", "content_type": 13, "codename": "add_place"}}, {"model": "auth.permission", "pk": 50, "fields": {"name": "Can change place", "content_type": 13, "codename": "change_place"}}, {"model": "auth.permission", "pk": 51, "fields": {"name": "Can delete place", "content_type": 13, "codename": "delete_place"}}, {"model": "auth.permission", "pk": 52, "fields": {"name": "Can view place", "content_type": 13, "codename": "view_place"}}, {"model": "auth.user", "pk": 1, "fields": {"password": "pbkdf2_sha256$600000$3GvGLJgLkXKw15douHJC0m$S/NY+LzajAzlBnRuur8Wc+M7GqKmqevTQUo6EanpYu0=", "last_login": "2023-06-01T15:46:59.299Z", "is_superuser": true, "username": "admin", "first_name": "", "last_name": "", "email": "admin@admin.com", "is_staff": true, "is_active": true, "date_joined": "2023-05-15T10:47:45.645Z", "groups": [], "user_permissions": []}}, {"model": "auth.user", "pk": 2, "fields": {"password": "pbkdf2_sha256$600000$8xGlqZYQ1J0PaU3lQUZcKY$qDhirdqKkKPKS8Ube/osFikCUs81kZqxfOI1w1b5/VM=", "last_login": null, "is_superuser": false, "username": "manager", "first_name": "", "last_name": "", "email": "", "is_staff": true, "is_active": true, "date_joined": "2023-05-16T10:23:28Z", "groups": [], "user_permissions": []}}, {"model": "contenttypes.contenttype", "pk": 1, "fields": {"app_label": "foodcartapp", "model": "product"}}, {"model": "contenttypes.contenttype", "pk": 2, "fields": {"app_label": "foodcartapp", "model": "restaurant"}}, {"model": "contenttypes.contenttype", "pk": 3, "fields": {"app_label": "foodcartapp", "model": "restaurantmenuitem"}}, {"model": "contenttypes.contenttype", "pk": 4, "fields": {"app_label": "foodcartapp", "model": "productcategory"}}, {"model": "contenttypes.contenttype", "pk": 5, "fields": {"app_label": "admin", "model": "logentry"}}, {"model": "contenttypes.contenttype", "pk": 6, "fields": {"app_label": "auth", "model": "permission"}}, {"model": "contenttypes.contenttype", "pk": 7, "fields": {"app_label": "auth", "model": "group"}}, {"model": "contenttypes.contenttype", "pk": 8, "fields": {"app_label": "auth", "model": "user"}}, {"model": "contenttypes.contenttype", "pk": 9, "fields": {"app_label": "contenttypes", "model": "contenttype"}}, {"model": "contenttypes.contenttype", "pk": 10, "fields": {"app_label": "sessions", "model": "session"}}, {"model": "contenttypes.contenttype", "pk": 11, "fields": {"app_label": "foodcartapp", "model": "orderitem"}}, {"model": "contenttypes.contenttype", "pk": 12, "fields": {"app_label": "foodcartapp", "model": "order"}}, {"model": "contenttypes.contenttype", "pk": 13, "fields": {"app_label": "placesapp", "model": "place"}}, {"model": "sessions.session", "pk": "7947slph8aev6qnh68emyq3z3xfk6eu8", "fields": {"session_data": ".eJxVjEEOwiAQAP_C2RCggODRu28gy-4iVUOT0p6MfzckPeh1ZjJvkWDfato7r2kmcRFanH5ZBnxyG4Ie0O6LxKVt65zlSORhu7wtxK_r0f4NKvQ6ttr5EiwzaltixJAtOgU0RTaKVKBJe0cYQXk0xnsTzkUZiOyZNeUiPl_d3jgF:1pyVkB:bc8toHm9gGkGfdVsjYkVjzHnWvRdX0tFiqI5XUAMhXw", "expire_date": "2023-05-29T10:47:55.864Z"}}, {"model": "sessions.session", "pk": "eee61av6r5c02d3w6cpqyttcvdfr3fsf", "fields": {"session_data": ".eJxVjEEOwiAQRe_C2pDBtgO4dN8zEJgZpGpoUtqV8e7apAvd_vfef6kQt7WErckSJlYXZdTpd0uRHlJ3wPdYb7Omua7LlPSu6IM2Pc4sz-vh_h2U2Mq3RptRhAB6ZoFMJJnJOmDq4hmRk--cZ2ci-j6BAT84sgbQ4ODRklPvDwr1N-U:1q4kVv:S7ar_9h5dIwtTMfQosLgeMgx0el4yLmFO91eplhX3Jk", "expire_date": "2023-06-15T15:46:59.305Z"}}, {"model": "sessions.session", "pk": "pt3hl1obxcg5evagny7y2x2lb0mdr0fc", "fields": {"session_data": ".eJxVjEEOwiAQAP_C2RCggODRu28gy-4iVUOT0p6MfzckPeh1ZjJvkWDfato7r2kmcRFanH5ZBnxyG4Ie0O6LxKVt65zlSORhu7wtxK_r0f4NKvQ6ttr5EiwzaltixJAtOgU0RTaKVKBJe0cYQXk0xnsTzkUZiOyZNeUiPl_d3jgF:1q1vEn:gFWL5hAUVBKuBnhtQk2ihptuD3kzwi4Ng5krvcnZm7I", "expire_date": "2023-06-07T20:37:37.969Z"}}]
